Restaurant_Name,Dining_Rating,Delivery_Rating,Dining_Votes,Delivery_Votes,Cuisine,Place_Name,City,Item_Name,Best_Seller,Votes,Prices,Average_Rating,Total_Votes,Price_per_Vote,Log_Price,Is_Bestseller,Restaurant_Popularity,Avg_Rating_Restaurant,Avg_Price_Restaurant,Avg_Rating_Cuisine,Avg_Price_Cuisine,Avg_Rating_City,Avg_Price_City,Is_Highly_Rated,Is_Expensive
Doner King,3.9,4.2,39,0,Fast Food,Malakpet, Hyderabad,Platter Kebab Combo,BESTSELLER,84,249,4.05,39,2.929411765,5.521460918,1,46,4.05,171.3478261,3.818679705,255.9548939,3.939031141,245.1304823,1,0
Doner King,3.9,4.2,39,0,Fast Food,Malakpet, Hyderabad,Chicken Rumali Shawarma,BESTSELLER,45,129,4.05,39,2.804347826,4.86753445,1,46,4.05,171.3478261,3.818679705,255.9548939,3.939031141,245.1304823,1,0
Doner King,3.9,4.2,39,0,Fast Food,Malakpet, Hyderabad,Chicken Tandoori Salad,NONE,39,189,4.05,39,4.725,5.247024072,1,46,4.05,171.3478261,3.818679705,255.9548939,3.939031141,245.1304823,1,0
Doner King,3.9,4.2,39,0,Fast Food,Malakpet, Hyderabad,Chicken BBQ Salad,BESTSELLER,43,189,4.05,39,4.295454545,5.247024072,1,46,4.05,171.3478261,3.818679705,255.9548939,3.939031141,245.1304823,1,0
Doner King,3.9,4.2,39,0,Fast Food,Malakpet, Hyderabad,Special Doner Wrap Combo,MUST TRY,31,205,4.05,39,6.40625,5.327876169,1,46,4.05,171.3478261,3.818679705,255.9548939,3.939031141,245.1304823,1,0
Doner King,3.9,4.2,39,0,Fast Food,Malakpet, Hyderabad,Chicken Tandoori Pizza [8 inches],BESTSELLER,48,199,4.05,39,4.06122449,5.298317367,1,46,4.05,171.3478261,3.818679705,255.9548939,3.939031141,245.1304823,1,0
Doner King,3.9,4.2,39,0,Fast Food,Malakpet, Hyderabad,Special Zinger Tortilla Wrap,CHEF'S SPECIAL,27,165,4.05,39,5.892857143,5.111987788,1,46,4.05,171.3478261,3.818679705,255.9548939,3.939031141,245.1304823,1,0
Doner King,3.9,4.2,39,0,Fast Food,Malakpet, Hyderabad,Chicken Popcorn [20 Pieces],BESTSELLER,59,165,4.05,39,2.75,5.111987788,1,46,4.05,171.3478261,3.818679705,255.9548939,3.939031141,245.1304823,1,0
Doner King,3.9,4.2,39,0,Fast Food,Malakpet, Hyderabad,Chicken Tandoori Sandwich,NONE,29,115,4.05,39,3.833333333,4.753590191,1,46,4.05,171.3478261,3.818679705,255.9548939,3.939031141,245.1304823,1,0
Doner King,3.9,4.2,39,0,Fast Food,Malakpet, Hyderabad,Chicken Bread Samoli Shawarma,NONE,31,129,4.05,39,4.03125,4.86753445,1,46,4.05,171.3478261,3.818679705,255.9548939,3.939031141,245.1304823,1,0
Doner King,3.9,4.2,39,0,Fast Food,Malakpet, Hyderabad,Fish Platter [Boneless Indian Basa],NONE,9,295,4.05,39,29.5,5.690359454,1,46,4.05,171.3478261,3.818679705,255.9548939,3.939031141,245.1304823,1,0
Doner King,3.9,4.2,39,0,Fast Food,Malakpet, Hyderabad,Special Platter Kebab Combo,BESTSELLER,27,279,4.05,39,9.964285714,5.634789603,1,46,4.05,171.3478261,3.818679705,255.9548939,3.939031141,245.1304823,1,0
Doner King,3.9,4.2,39,0,Fast Food,Malakpet, Hyderabad,Doner Kebab,MUST TRY,5,159,4.05,39,26.5,5.075173815,1,46,4.05,171.3478261,3.818679705,255.9548939,3.939031141,245.1304823,1,0
Doner King,3.9,4.2,39,0,Fast Food,Malakpet, Hyderabad,Chicken Shawarma,MUST TRY,5,129,4.05,39,21.5,4.86753445,1,46,4.05,171.3478261,3.818679705,255.9548939,3.939031141,245.1304823,1,0
Doner King,3.9,4.2,39,0,Fast Food,Malakpet, Hyderabad,French Fries + Coke [220 ml],NONE,0,199,4.05,39,199,5.298317367,1,46,4.05,171.3478261,3.818679705,255.9548939,3.939031141,245.1304823,1,0
Doner King,3.9,4.2,39,0,Fast Food,Malakpet, Hyderabad,Platter Kebab Combo,BESTSELLER,84,249,4.05,39,2.929411765,5.521460918,1,46,4.05,171.3478261,3.818679705,255.9548939,3.939031141,245.1304823,1,0
Doner King,3.9,4.2,39,0,Fast Food,Malakpet, Hyderabad,Special Platter Kebab Combo,BESTSELLER,27,279,4.05,39,9.964285714,5.634789603,1,46,4.05,171.3478261,3.818679705,255.9548939,3.939031141,245.1304823,1,0
Doner King,3.9,4.2,39,0,Fast Food,Malakpet, Hyderabad,Special Kebab Wrap Combo,BESTSELLER,26,205,4.05,39,7.592592593,5.327876169,1,46,4.05,171.3478261,3.818679705,255.9548939,3.939031141,245.1304823,1,0
Doner King,3.9,4.2,39,0,Fast Food,Malakpet, Hyderabad,Special Doner Wrap Combo,CHEF'S SPECIAL,31,205,4.05,39,6.40625,5.327876169,1,46,4.05,171.3478261,3.818679705,255.9548939,3.939031141,245.1304823,1,0
Taco Bell,4.3,3.7,117,0,Wraps,The Next Galleria Mall, Hyderabad,Naked Chicken Taco,BESTSELLER,184,249,4,117,1.345945946,5.521460918,1,97,4,192.5007216,3.962177217,188.053764,3.939031141,245.1304823,1,0
Taco Bell,4.3,3.7,117,0,Wraps,The Next Galleria Mall, Hyderabad,Big Bell Box - Veg,BESTSELLER,183,299,4,117,1.625,5.703782475,1,97,4,192.5007216,3.962177217,188.053764,3.939031141,245.1304823,1,0
Taco Bell,4.3,3.7,117,0,Wraps,The Next Galleria Mall, Hyderabad,Big Bell Box - Non Veg,BESTSELLER,103,349,4,117,3.355769231,5.857933154,1,97,4,192.5007216,3.962177217,188.053764,3.939031141,245.1304823,1,1
Taco Bell,4.3,3.7,117,0,Wraps,The Next Galleria Mall, Hyderabad,7 Layer Burrito - Non veg,BESTSELLER,62,279,4,117,4.428571429,5.634789603,1,97,4,192.5007216,3.962177217,188.053764,3.939031141,245.1304823,1,0
Taco Bell,4.3,3.7,117,0,Wraps,The Next Galleria Mall, Hyderabad,Soft Taco Mexican Paneer,BESTSELLER,42,119,4,117,2.76744186,4.787491743,1,97,4,192.5007216,3.962177217,188.053764,3.939031141,245.1304823,1,0
Taco Bell,4.3,3.7,117,0,Wraps,The Next Galleria Mall, Hyderabad,Churro Bombs,NONE,27,109,4,117,3.892857143,4.700480366,1,97,4,192.5007216,3.962177217,188.053764,3.939031141,245.1304823,1,0
Taco Bell,4.3,3.7,117,0,Wraps,The Next Galleria Mall, Hyderabad,Crunchy Taco Pinto Bean,NONE,86,109,4,117,1.252873563,4.700480366,1,97,4,192.5007216,3.962177217,188.053764,3.939031141,245.1304823,1,0
Taco Bell,4.3,3.7,117,0,Wraps,The Next Galleria Mall, Hyderabad,Cheesy Fries,BESTSELLER,27,129,4,117,4.607142857,4.86753445,1,97,4,192.5007216,3.962177217,188.053764,3.939031141,245.1304823,1,0
Taco Bell,4.3,3.7,117,0,Wraps,The Next Galleria Mall, Hyderabad,7 Layer Burrito - Veg,NONE,43,259,4,117,5.886363636,5.560681631,1,97,4,192.5007216,3.962177217,188.053764,3.939031141,245.1304823,1,0
Taco Bell,4.3,3.7,117,0,Wraps,The Next Galleria Mall, Hyderabad,Ultimate Rice Bowl - Non Veg,BESTSELLER,18,209,4,117,11,5.347107531,1,97,4,192.5007216,3.962177217,188.053764,3.939031141,245.1304823,1,0
Taco Bell,4.3,3.7,117,0,Wraps,The Next Galleria Mall, Hyderabad,Naked Chicken Nachos,BESTSELLER,49,189,4,117,3.78,5.247024072,1,97,4,192.5007216,3.962177217,188.053764,3.939031141,245.1304823,1,0
Taco Bell,4.3,3.7,117,0,Wraps,The Next Galleria Mall, Hyderabad,Crunchy Taco Mexican Chicken,NONE,139,119,4,117,0.85,4.787491743,1,97,4,192.5007216,3.962177217,188.053764,3.939031141,245.1304823,1,0
Taco Bell,4.3,3.7,117,0,Wraps,The Next Galleria Mall, Hyderabad,Naked Chicken Taco Meal,BESTSELLER,19,378,4,117,18.9,5.937536205,1,97,4,192.5007216,3.962177217,188.053764,3.939031141,245.1304823,1,1
Taco Bell,4.3,3.7,117,0,Wraps,The Next Galleria Mall, Hyderabad,Ultimate Rice Bowl - Veg,BESTSELLER,8,189,4,117,21,5.247024072,1,97,4,192.5007216,3.962177217,188.053764,3.939031141,245.1304823,1,0
Taco Bell,4.3,3.7,117,0,Wraps,The Next Galleria Mall, Hyderabad,Churros & Chocolate Regular,BESTSELLER,16,109,4,117,6.411764706,4.700480366,1,97,4,192.5007216,3.962177217,188.053764,3.939031141,245.1304823,1,0
Taco Bell,4.3,3.7,117,0,Wraps,The Next Galleria Mall, Hyderabad,Naked Veggie Taco,NONE,0,249,4,117,249,5.521460918,1,97,4,192.5007216,3.962177217,188.053764,3.939031141,245.1304823,1,0
Crystal Restaurant & Bar,4.2,3.9,697,0,Biryani,Nallakunta, Hyderabad,Chicken Biryani,BESTSELLER,609,230,4.05,697,0.37704918,5.442417711,1,231,4.05,297.6839827,3.875915869,266.8815098,3.939031141,245.1304823,1,0
Crystal Restaurant & Bar,4.2,3.9,697,0,Biryani,Nallakunta, Hyderabad,Special Mutton Biryani,MUST TRY,168,300,4.05,697,1.775147929,5.707110265,1,231,4.05,297.6839827,3.875915869,266.8815098,3.939031141,245.1304823,1,1
Crystal Restaurant & Bar,4.2,3.9,697,0,Biryani,Nallakunta, Hyderabad,Kheema Biryani,MUST TRY,66,340,4.05,697,5.074626866,5.831882477,1,231,4.05,297.6839827,3.875915869,266.8815098,3.939031141,245.1304823,1,1
Crystal Restaurant & Bar,4.2,3.9,697,0,Biryani,Nallakunta, Hyderabad,Paneer Butter Masala,MUST TRY,63,240,4.05,697,3.75,5.484796933,1,231,4.05,297.6839827,3.875915869,266.8815098,3.939031141,245.1304823,1,0
Crystal Restaurant & Bar,4.2,3.9,697,0,Biryani,Nallakunta, Hyderabad,Special Chicken Biryani,BESTSELLER,368,280,4.05,697,0.758807588,5.638354669,1,231,4.05,297.6839827,3.875915869,266.8815098,3.939031141,245.1304823,1,0
Crystal Restaurant & Bar,4.2,3.9,697,0,Biryani,Nallakunta, Hyderabad,Special Chicken Biryani Family Pack,MUST TRY,180,580,4.05,697,3.20441989,6.364750757,1,231,4.05,297.6839827,3.875915869,266.8815098,3.939031141,245.1304823,1,1
Crystal Restaurant & Bar,4.2,3.9,697,0,Biryani,Nallakunta, Hyderabad,Pepper Chicken,BESTSELLER,151,220,4.05,697,1.447368421,5.398162702,1,231,4.05,297.6839827,3.875915869,266.8815098,3.939031141,245.1304823,1,0
Crystal Restaurant & Bar,4.2,3.9,697,0,Biryani,Nallakunta, Hyderabad,Mixed Fried Rice,MUST TRY,78,260,4.05,697,3.291139241,5.564520407,1,231,4.05,297.6839827,3.875915869,266.8815098,3.939031141,245.1304823,1,0
Crystal Restaurant & Bar,4.2,3.9,697,0,Biryani,Nallakunta, Hyderabad,Special Biryani Non-Veg,MUST TRY,79,370,4.05,697,4.625,5.916202063,1,231,4.05,297.6839827,3.875915869,266.8815098,3.939031141,245.1304823,1,1
Crystal Restaurant & Bar,4.2,3.9,697,0,Biryani,Nallakunta, Hyderabad,Chicken Drum Stick,BESTSELLER,90,310,4.05,697,3.406593407,5.739792912,1,231,4.05,297.6839827,3.875915869,266.8815098,3.939031141,245.1304823,1,1
Crystal Restaurant & Bar,4.2,3.9,697,0,Biryani,Nallakunta, Hyderabad,Murgh Majestic,MUST TRY,58,310,4.05,697,5.254237288,5.739792912,1,231,4.05,297.6839827,3.875915869,266.8815098,3.939031141,245.1304823,1,1
Crystal Restaurant & Bar,4.2,3.9,697,0,Biryani,Nallakunta, Hyderabad,Chicken 65,BESTSELLER,103,305,4.05,697,2.932692308,5.723585102,1,231,4.05,297.6839827,3.875915869,266.8815098,3.939031141,245.1304823,1,1
Crystal Restaurant & Bar,4.2,3.9,697,0,Biryani,Nallakunta, Hyderabad,Chicken Rice Bowl,NONE,73,210,4.05,697,2.837837838,5.351858133,1,231,4.05,297.6839827,3.875915869,266.8815098,3.939031141,245.1304823,1,0
Crystal Restaurant & Bar,4.2,3.9,697,0,Biryani,Nallakunta, Hyderabad,Veg Manchurian,MUST TRY,46,230,4.05,697,4.893617021,5.442417711,1,231,4.05,297.6839827,3.875915869,266.8815098,3.939031141,245.1304823,1,0
Crystal Restaurant & Bar,4.2,3.9,697,0,Biryani,Nallakunta, Hyderabad,Prawns Biryani,MUST TRY,32,350,4.05,697,10.60606061,5.860786223,1,231,4.05,297.6839827,3.875915869,266.8815098,3.939031141,245.1304823,1,1
Crystal Restaurant & Bar,4.2,3.9,697,0,Biryani,Nallakunta, Hyderabad,Veg Biryani Family Pack,MUST TRY,48,410,4.05,697,8.367346939,6.018593214,1,231,4.05,297.6839827,3.875915869,266.8815098,3.939031141,245.1304823,1,1
Crystal Restaurant & Bar,4.2,3.9,697,0,Biryani,Nallakunta, Hyderabad,Egg Biryani,NONE,82,250,4.05,697,3.012048193,5.525452939,1,231,4.05,297.6839827,3.875915869,266.8815098,3.939031141,245.1304823,1,0
Crystal Restaurant & Bar,4.2,3.9,697,0,Biryani,Nallakunta, Hyderabad,Veg Spring Roll,NONE,33,245,4.05,697,7.205882353,5.505331536,1,231,4.05,297.6839827,3.875915869,266.8815098,3.939031141,245.1304823,1,0
Crystal Restaurant & Bar,4.2,3.9,697,0,Biryani,Nallakunta, Hyderabad,Tandoori Chicken,NONE,17,260,4.05,697,14.44444444,5.564520407,1,231,4.05,297.6839827,3.875915869,266.8815098,3.939031141,245.1304823,1,0
Crystal Restaurant & Bar,4.2,3.9,697,0,Biryani,Nallakunta, Hyderabad,Veg Biryani,BESTSELLER,99,250,4.05,697,2.5,5.525452939,1,231,4.05,297.6839827,3.875915869,266.8815098,3.939031141,245.1304823,1,0
Siddique Kabab Centre,4.4,4.1,732,0,Chinese,Tolichowki, Hyderabad,Boneless Butter Chicken,NONE,114,168,4.25,732,1.460869565,5.129898715,1,47,4.25,223.6170213,3.873351848,232.318824,3.939031141,245.1304823,1,0
Siddique Kabab Centre,4.4,4.1,732,0,Chinese,Tolichowki, Hyderabad,Boneless Kadhai Chicken,NONE,49,168,4.25,732,3.36,5.129898715,1,47,4.25,223.6170213,3.873351848,232.318824,3.939031141,245.1304823,1,0
Siddique Kabab Centre,4.4,4.1,732,0,Chinese,Tolichowki, Hyderabad,Boneless Hyderabadi Chicken,NONE,41,168,4.25,732,4,5.129898715,1,47,4.25,223.6170213,3.873351848,232.318824,3.939031141,245.1304823,1,0
Siddique Kabab Centre,4.4,4.1,732,0,Chinese,Tolichowki, Hyderabad,Boneless Chicken Kali Mirch,NONE,0,168,4.25,732,168,5.129898715,1,47,4.25,223.6170213,3.873351848,232.318824,3.939031141,245.1304823,1,0
Siddique Kabab Centre,4.4,4.1,732,0,Chinese,Tolichowki, Hyderabad,Dal Fry,NONE,25,96,4.25,732,3.692307692,4.574710979,1,47,4.25,223.6170213,3.873351848,232.318824,3.939031141,245.1304823,1,0
Siddique Kabab Centre,4.4,4.1,732,0,Chinese,Tolichowki, Hyderabad,Paneer Butter Masala,NONE,44,108,4.25,732,2.4,4.691347882,1,47,4.25,223.6170213,3.873351848,232.318824,3.939031141,245.1304823,1,0
Siddique Kabab Centre,4.4,4.1,732,0,Chinese,Tolichowki, Hyderabad,Rumali Roti,NONE,848,10,4.25,732,0.011778563,2.397895273,1,47,4.25,223.6170213,3.873351848,232.318824,3.939031141,245.1304823,1,0
Siddique Kabab Centre,4.4,4.1,732,0,Chinese,Tolichowki, Hyderabad,Jeera Rice,NONE,0,108,4.25,732,108,4.691347882,1,47,4.25,223.6170213,3.873351848,232.318824,3.939031141,245.1304823,1,0
Siddique Kabab Centre,4.4,4.1,732,0,Chinese,Tolichowki, Hyderabad,Chilli Chicken Gravy,NONE,22,168,4.25,732,7.304347826,5.129898715,1,47,4.25,223.6170213,3.873351848,232.318824,3.939031141,245.1304823,1,0
Siddique Kabab Centre,4.4,4.1,732,0,Chinese,Tolichowki, Hyderabad,Chicken Manchurian Gravy,NONE,20,168,4.25,732,8,5.129898715,1,47,4.25,223.6170213,3.873351848,232.318824,3.939031141,245.1304823,1,0
Siddique Kabab Centre,4.4,4.1,732,0,Chinese,Tolichowki, Hyderabad,Pepper Chicken Gravy,NONE,8,168,4.25,732,18.66666667,5.129898715,1,47,4.25,223.6170213,3.873351848,232.318824,3.939031141,245.1304823,1,0
Siddique Kabab Centre,4.4,4.1,732,0,Chinese,Tolichowki, Hyderabad,Chicken 65 Gravy,BESTSELLER,179,168,4.25,732,0.933333333,5.129898715,1,47,4.25,223.6170213,3.873351848,232.318824,3.939031141,245.1304823,1,0
Siddique Kabab Centre,4.4,4.1,732,0,Chinese,Tolichowki, Hyderabad,Egg Fried Rice,NONE,48,108,4.25,732,2.204081633,4.691347882,1,47,4.25,223.6170213,3.873351848,232.318824,3.939031141,245.1304823,1,0
Siddique Kabab Centre,4.4,4.1,732,0,Chinese,Tolichowki, Hyderabad,Egg Noodles,NONE,30,108,4.25,732,3.483870968,4.691347882,1,47,4.25,223.6170213,3.873351848,232.318824,3.939031141,245.1304823,1,0
Shah Ghouse Special Shawarma,4.3,4.1,156,0,Beverages,Charminar, Hyderabad,shah ghouse Special Chicken Dry Fruit Shawarma,MUST TRY,1061,199,4.2,156,0.187382298,5.298317367,1,267,4.2,139.258427,3.928624236,254.5653637,3.939031141,245.1304823,1,0
Shah Ghouse Special Shawarma,4.3,4.1,156,0,Beverages,Charminar, Hyderabad,SGC Chicken Rumali Shawarma,MUST TRY,1280,145,4.2,156,0.113192818,4.983606622,1,267,4.2,139.258427,3.928624236,254.5653637,3.939031141,245.1304823,1,0
Shah Ghouse Special Shawarma,4.3,4.1,156,0,Beverages,Charminar, Hyderabad,shah ghouse Special Chicken Malai Shawarma,MUST TRY,458,199,4.2,156,0.433551198,5.298317367,1,267,4.2,139.258427,3.928624236,254.5653637,3.939031141,245.1304823,1,0
Shah Ghouse Special Shawarma,4.3,4.1,156,0,Beverages,Charminar, Hyderabad,SGC Chicken Samoli Shawarma,CHEF'S SPECIAL,305,135,4.2,156,0.441176471,4.912654886,1,267,4.2,139.258427,3.928624236,254.5653637,3.939031141,245.1304823,1,0
Shah Ghouse Special Shawarma,4.3,4.1,156,0,Beverages,Charminar, Hyderabad,shah ghouse Special Chicken Rumali Shawarma,MUST TRY,1128,165,4.2,156,0.146147033,5.111987788,1,267,4.2,139.258427,3.928624236,254.5653637,3.939031141,245.1304823,1,0
Shah Ghouse Special Shawarma,4.3,4.1,156,0,Beverages,Charminar, Hyderabad,SGC Chicken Kuboos Shawarma,CHEF'S SPECIAL,206,135,4.2,156,0.652173913,4.912654886,1,267,4.2,139.258427,3.928624236,254.5653637,3.939031141,245.1304823,1,0
Shah Ghouse Special Shawarma,4.3,4.1,156,0,Beverages,Charminar, Hyderabad,shah ghouse Special Chicken Shawarma Platter,MUST TRY,116,200,4.2,156,1.709401709,5.303304908,1,267,4.2,139.258427,3.928624236,254.5653637,3.939031141,245.1304823,1,0
Shah Ghouse Special Shawarma,4.3,4.1,156,0,Beverages,Charminar, Hyderabad,shah ghouse Special Chicken Somali Shawarma,CHEF'S SPECIAL,102,155,4.2,156,1.504854369,5.049856007,1,267,4.2,139.258427,3.928624236,254.5653637,3.939031141,245.1304823,1,0
Shah Ghouse Special Shawarma,4.3,4.1,156,0,Beverages,Charminar, Hyderabad,Double ka Meetha,BESTSELLER,145,75,4.2,156,0.51369863,4.33073334,1,267,4.2,139.258427,3.928624236,254.5653637,3.939031141,245.1304823,1,0
Shah Ghouse Special Shawarma,4.3,4.1,156,0,Beverages,Charminar, Hyderabad,shah ghouse Lays Chicken Shawarma,MUST TRY,48,199,4.2,156,4.06122449,5.298317367,1,267,4.2,139.258427,3.928624236,254.5653637,3.939031141,245.1304823,1,0
Shah Ghouse Special Shawarma,4.3,4.1,156,0,Beverages,Charminar, Hyderabad,shah ghouse Lemon Chicken Shawarma,MUST TRY,17,199,4.2,156,11.05555556,5.298317367,1,267,4.2,139.258427,3.928624236,254.5653637,3.939031141,245.1304823,1,0
Shah Ghouse Special Shawarma,4.3,4.1,156,0,Beverages,Charminar, Hyderabad,shah ghouse Special Chicken Kuboos Shawarma,MUST TRY,81,155,4.2,156,1.890243902,5.049856007,1,267,4.2,139.258427,3.928624236,254.5653637,3.939031141,245.1304823,1,0
Shah Ghouse Special Shawarma,4.3,4.1,156,0,Beverages,Charminar, Hyderabad,Kaddu ki Kheer,NONE,50,75,4.2,156,1.470588235,4.33073334,1,267,4.2,139.258427,3.928624236,254.5653637,3.939031141,245.1304823,1,0
Shah Ghouse Special Shawarma,4.3,4.1,156,0,Beverages,Charminar, Hyderabad,Badam Firni,NONE,18,95,4.2,156,5,4.564348191,1,267,4.2,139.258427,3.928624236,254.5653637,3.939031141,245.1304823,1,0
Shah Ghouse Special Shawarma,4.3,4.1,156,0,Beverages,Charminar, Hyderabad,Cream Fruit Salad,NONE,36,140,4.2,156,3.783783784,4.94875989,1,267,4.2,139.258427,3.928624236,254.5653637,3.939031141,245.1304823,1,0
Shah Ghouse Special Shawarma,4.3,4.1,156,0,Beverages,Charminar, Hyderabad,Special Lassi,BESTSELLER,18,120,4.2,156,6.315789474,4.795790546,1,267,4.2,139.258427,3.928624236,254.5653637,3.939031141,245.1304823,1,0
Shah Ghouse Special Shawarma,4.3,4.1,156,0,Beverages,Charminar, Hyderabad,Chocolate Milkshake,NONE,14,110,4.2,156,7.333333333,4.709530201,1,267,4.2,139.258427,3.928624236,254.5653637,3.939031141,245.1304823,1,0
Shah Ghouse Special Shawarma,4.3,4.1,156,0,Beverages,Charminar, Hyderabad,Special Chicken Rumali Shawarma with Pina Colada Mocktail,MUST TRY,0,310,4.2,156,310,5.739792912,1,267,4.2,139.258427,3.928624236,254.5653637,3.939031141,245.1304823,1,1
Shah Ghouse Special Shawarma,4.3,4.1,156,0,Beverages,Charminar, Hyderabad,Belgium Dark Choco Thick Shake,NONE,7,150,4.2,156,18.75,5.017279837,1,267,4.2,139.258427,3.928624236,254.5653637,3.939031141,245.1304823,1,0
Shah Ghouse Special Shawarma,4.3,4.1,156,0,Beverages,Charminar, Hyderabad,Special Chicken Dry Fruit Shawarma with Special Mixed Fruit Juice,NONE,9,300,4.2,156,30,5.707110265,1,267,4.2,139.258427,3.928624236,254.5653637,3.939031141,245.1304823,1,1
Shah Ghouse Special Shawarma,4.3,4.1,156,0,Beverages,Charminar, Hyderabad,Custard Fruit Salad,NONE,33,140,4.2,156,4.117647059,4.94875989,1,267,4.2,139.258427,3.928624236,254.5653637,3.939031141,245.1304823,1,0
Shah Ghouse Special Shawarma,4.3,4.1,156,0,Beverages,Charminar, Hyderabad,Belgium Dark Chocolate Ice Cream,NONE,6,140,4.2,156,20,4.94875989,1,267,4.2,139.258427,3.928624236,254.5653637,3.939031141,245.1304823,1,0
Papadams Blue,4,3.9,625,0,Desserts,Kothapet, Hyderabad,Chicken Soft Noodles,NONE,0,310,3.95,625,310,5.739792912,1,228,3.95,303.25,3.963493135,260.3634919,3.939031141,245.1304823,0,1
Papadams Blue,4,3.9,625,0,Desserts,Kothapet, Hyderabad,Egg Fried Noodels,NONE,0,280,3.95,625,280,5.638354669,1,228,3.95,303.25,3.963493135,260.3634919,3.939031141,245.1304823,0,0
Papadams Blue,4,3.9,625,0,Desserts,Kothapet, Hyderabad,Egg Hakka Noodels,NONE,0,252,3.95,625,252,5.533389489,1,228,3.95,303.25,3.963493135,260.3634919,3.939031141,245.1304823,0,0
Papadams Blue,4,3.9,625,0,Desserts,Kothapet, Hyderabad,Egg Soft Noodles,NONE,0,273,3.95,625,273,5.613128106,1,228,3.95,303.25,3.963493135,260.3634919,3.939031141,245.1304823,0,0
Papadams Blue,4,3.9,625,0,Desserts,Kothapet, Hyderabad,Mix Veg Soft Noodels,NONE,0,299,3.95,625,299,5.703782475,1,228,3.95,303.25,3.963493135,260.3634919,3.939031141,245.1304823,0,0
Papadams Blue,4,3.9,625,0,Desserts,Kothapet, Hyderabad,Szechwan Egg Soft Noodels,NONE,0,278,3.95,625,278,5.631211782,1,228,3.95,303.25,3.963493135,260.3634919,3.939031141,245.1304823,0,0
Papadams Blue,4,3.9,625,0,Desserts,Kothapet, Hyderabad,Veg Hakka Noodles,NONE,0,250,3.95,625,250,5.525452939,1,228,3.95,303.25,3.963493135,260.3634919,3.939031141,245.1304823,0,0
Papadams Blue,4,3.9,625,0,Desserts,Kothapet, Hyderabad,Veg In Hot Garlic Sauce,NONE,0,250,3.95,625,250,5.525452939,1,228,3.95,303.25,3.963493135,260.3634919,3.939031141,245.1304823,0,0
Papadams Blue,4,3.9,625,0,Desserts,Kothapet, Hyderabad,Veg Schezwan Noodles,NONE,0,250,3.95,625,250,5.525452939,1,228,3.95,303.25,3.963493135,260.3634919,3.939031141,245.1304823,0,0
Papadams Blue,4,3.9,625,0,Desserts,Kothapet, Hyderabad,Veg Singapore Noodles,NONE,0,250,3.95,625,250,5.525452939,1,228,3.95,303.25,3.963493135,260.3634919,3.939031141,245.1304823,0,0
Papadams Blue,4,3.9,625,0,Desserts,Kothapet, Hyderabad,Veg Soft Noodles,NONE,0,273,3.95,625,273,5.613128106,1,228,3.95,303.25,3.963493135,260.3634919,3.939031141,245.1304823,0,0
Papadams Blue,4,3.9,625,0,Desserts,Kothapet, Hyderabad,Jeera Rice,NONE,0,240,3.95,625,240,5.484796933,1,228,3.95,303.25,3.963493135,260.3634919,3.939031141,245.1304823,0,0
Papadams Blue,4,3.9,625,0,Desserts,Kothapet, Hyderabad,Sambar Rice,BESTSELLER,14,236,3.95,625,15.73333333,5.468060141,1,228,3.95,303.25,3.963493135,260.3634919,3.939031141,245.1304823,0,0
Papadams Blue,4,3.9,625,0,Desserts,Kothapet, Hyderabad,Kaju Biryani,NONE,0,360,3.95,625,360,5.888877958,1,228,3.95,303.25,3.963493135,260.3634919,3.939031141,245.1304823,0,1
Papadams Blue,4,3.9,625,0,Desserts,Kothapet, Hyderabad,Paneer Biryani,BESTSELLER,32,310,3.95,625,9.393939394,5.739792912,1,228,3.95,303.25,3.963493135,260.3634919,3.939031141,245.1304823,0,1
Papadams Blue,4,3.9,625,0,Desserts,Kothapet, Hyderabad,Special Veg Biryani,BESTSELLER,75,255,3.95,625,3.355263158,5.545177444,1,228,3.95,303.25,3.963493135,260.3634919,3.939031141,245.1304823,0,0
Papadams Blue,4,3.9,625,0,Desserts,Kothapet, Hyderabad,Veg Biryani,BESTSELLER,25,230,3.95,625,8.846153846,5.442417711,1,228,3.95,303.25,3.963493135,260.3634919,3.939031141,245.1304823,0,0
Papadams Blue,4,3.9,625,0,Desserts,Kothapet, Hyderabad,Egg Biryani,BESTSELLER,15,263,3.95,625,16.4375,5.575949103,1,228,3.95,303.25,3.963493135,260.3634919,3.939031141,245.1304823,0,0
Papadams Blue,4,3.9,625,0,Desserts,Kothapet, Hyderabad,Chicken Biryani,BESTSELLER,60,295,3.95,625,4.836065574,5.690359454,1,228,3.95,303.25,3.963493135,260.3634919,3.939031141,245.1304823,0,0
Papadams Blue,4,3.9,625,0,Desserts,Kothapet, Hyderabad,Fish Biryani,NONE,0,380,3.95,625,380,5.942799375,1,228,3.95,303.25,3.963493135,260.3634919,3.939031141,245.1304823,0,1
Papadams Blue,4,3.9,625,0,Desserts,Kothapet, Hyderabad,Keema Biryani,NONE,0,380,3.95,625,380,5.942799375,1,228,3.95,303.25,3.963493135,260.3634919,3.939031141,245.1304823,0,1
Papadams Blue,4,3.9,625,0,Desserts,Kothapet, Hyderabad,Konaseema Kodi Vepudu Biryani,NONE,0,380,3.95,625,380,5.942799375,1,228,3.95,303.25,3.963493135,260.3634919,3.939031141,245.1304823,0,1
Papadams Blue,4,3.9,625,0,Desserts,Kothapet, Hyderabad,Konaseema Royyala Iguru Biryani,NONE,0,395,3.95,625,395,5.981414211,1,228,3.95,303.25,3.963493135,260.3634919,3.939031141,245.1304823,0,1
Papadams Blue,4,3.9,625,0,Desserts,Kothapet, Hyderabad,Mutton Biryani,BESTSELLER,38,345,3.95,625,8.846153846,5.846438775,1,228,3.95,303.25,3.963493135,260.3634919,3.939031141,245.1304823,0,1
Papadams Blue,4,3.9,625,0,Desserts,Kothapet, Hyderabad,Pottelu Mamsam With Bagara Rice,NONE,0,460,3.95,625,460,6.133398043,1,228,3.95,303.25,3.963493135,260.3634919,3.939031141,245.1304823,0,1
Papadams Blue,4,3.9,625,0,Desserts,Kothapet, Hyderabad,Prawn Biryani,NONE,7,380,3.95,625,47.5,5.942799375,1,228,3.95,303.25,3.963493135,260.3634919,3.939031141,245.1304823,0,1
Papadams Blue,4,3.9,625,0,Desserts,Kothapet, Hyderabad,Special Chicken Biryani,BESTSELLER,78,335,3.95,625,4.240506329,5.81711116,1,228,3.95,303.25,3.963493135,260.3634919,3.939031141,245.1304823,0,1
Papadams Blue,4,3.9,625,0,Desserts,Kothapet, Hyderabad,Apricot Pudding,NONE,6,150,3.95,625,21.42857143,5.017279837,1,228,3.95,303.25,3.963493135,260.3634919,3.939031141,245.1304823,0,0
Papadams Blue,4,3.9,625,0,Desserts,Kothapet, Hyderabad,Butterscotch Milk Shake,NONE,0,150,3.95,625,150,5.017279837,1,228,3.95,303.25,3.963493135,260.3634919,3.939031141,245.1304823,0,0
Papadams Blue,4,3.9,625,0,Desserts,Kothapet, Hyderabad,Carrot Halwa,NONE,5,130,3.95,625,21.66666667,4.875197323,1,228,3.95,303.25,3.963493135,260.3634919,3.939031141,245.1304823,0,0
Papadams Blue,4,3.9,625,0,Desserts,Kothapet, Hyderabad,Gulab Jamoon,NONE,0,130,3.95,625,130,4.875197323,1,228,3.95,303.25,3.963493135,260.3634919,3.939031141,245.1304823,0,0
Papadams Blue,4,3.9,625,0,Desserts,Kothapet, Hyderabad,Kaddu Kheer,NONE,7,130,3.95,625,16.25,4.875197323,1,228,3.95,303.25,3.963493135,260.3634919,3.939031141,245.1304823,0,0
Papadams Blue,4,3.9,625,0,Desserts,Kothapet, Hyderabad,Kala Jamoon,NONE,0,130,3.95,625,130,4.875197323,1,228,3.95,303.25,3.963493135,260.3634919,3.939031141,245.1304823,0,0
Papadams Blue,4,3.9,625,0,Desserts,Kothapet, Hyderabad,Mango Milk Shake,NONE,0,150,3.95,625,150,5.017279837,1,228,3.95,303.25,3.963493135,260.3634919,3.939031141,245.1304823,0,0
Papadams Blue,4,3.9,625,0,Desserts,Kothapet, Hyderabad,Qurbani Ka Meetha,NONE,0,130,3.95,625,130,4.875197323,1,228,3.95,303.25,3.963493135,260.3634919,3.939031141,245.1304823,0,0
Italian Pizzeria,4,3.5,325,0,Shake,Mehdipatnam, Hyderabad,Mango Milkshake,NONE,0,140,3.75,325,140,4.94875989,1,178,3.75,179.5505618,3.913401264,188.8196326,3.939031141,245.1304823,0,0
Italian Pizzeria,4,3.5,325,0,Shake,Mehdipatnam, Hyderabad,Strawberry Milkshake,NONE,0,130,3.75,325,130,4.875197323,1,178,3.75,179.5505618,3.913401264,188.8196326,3.939031141,245.1304823,0,0
Italian Pizzeria,4,3.5,325,0,Shake,Mehdipatnam, Hyderabad,Strawberry and Banana Milkshake,NONE,0,140,3.75,325,140,4.94875989,1,178,3.75,179.5505618,3.913401264,188.8196326,3.939031141,245.1304823,0,0
Italian Pizzeria,4,3.5,325,0,Shake,Mehdipatnam, Hyderabad,Strawberry and Blackcurrant Milkshake,NONE,0,160,3.75,325,160,5.081404365,1,178,3.75,179.5505618,3.913401264,188.8196326,3.939031141,245.1304823,0,0
Italian Pizzeria,4,3.5,325,0,Shake,Mehdipatnam, Hyderabad,Black Current Milkshake,NONE,0,160,3.75,325,160,5.081404365,1,178,3.75,179.5505618,3.913401264,188.8196326,3.939031141,245.1304823,0,0
Italian Pizzeria,4,3.5,325,0,Shake,Mehdipatnam, Hyderabad,Banana Milkshake,NONE,0,130,3.75,325,130,4.875197323,1,178,3.75,179.5505618,3.913401264,188.8196326,3.939031141,245.1304823,0,0
Italian Pizzeria,4,3.5,325,0,Shake,Mehdipatnam, Hyderabad,Litchi Milkshake,NONE,0,130,3.75,325,130,4.875197323,1,178,3.75,179.5505618,3.913401264,188.8196326,3.939031141,245.1304823,0,0
Italian Pizzeria,4,3.5,325,0,Shake,Mehdipatnam, Hyderabad,Blueberry Milkshake,NONE,0,160,3.75,325,160,5.081404365,1,178,3.75,179.5505618,3.913401264,188.8196326,3.939031141,245.1304823,0,0
Italian Pizzeria,4,3.5,325,0,Shake,Mehdipatnam, Hyderabad,Blackcurrant and Blue Berry Milkshake,NONE,0,160,3.75,325,160,5.081404365,1,178,3.75,179.5505618,3.913401264,188.8196326,3.939031141,245.1304823,0,0
Italian Pizzeria,4,3.5,325,0,Shake,Mehdipatnam, Hyderabad,Blueberry and Banana Milkshake,NONE,0,170,3.75,325,170,5.141663557,1,178,3.75,179.5505618,3.913401264,188.8196326,3.939031141,245.1304823,0,0
Italian Pizzeria,4,3.5,325,0,Shake,Mehdipatnam, Hyderabad,Mango and Litchi Milkshake,NONE,0,140,3.75,325,140,4.94875989,1,178,3.75,179.5505618,3.913401264,188.8196326,3.939031141,245.1304823,0,0
Italian Pizzeria,4,3.5,325,0,Shake,Mehdipatnam, Hyderabad,Mango and Strawberry Milkshake,NONE,0,140,3.75,325,140,4.94875989,1,178,3.75,179.5505618,3.913401264,188.8196326,3.939031141,245.1304823,0,0
Al Rabea Mandi House,3.822264031,4.3,1,198,Mandi,Charminar, Hyderabad,Chicken Mandi,MUST TRY,146,300,4.061132016,199,2.040816327,5.707110265,1,14,4.061132016,466.4285714,3.756105398,213.7967126,3.939031141,245.1304823,1,1
Al Rabea Mandi House,3.822264031,4.3,1,198,Mandi,Charminar, Hyderabad,Chicken Faham Mandi,BESTSELLER,33,350,4.061132016,199,10.29411765,5.860786223,1,14,4.061132016,466.4285714,3.756105398,213.7967126,3.939031141,245.1304823,1,1
Al Rabea Mandi House,3.822264031,4.3,1,198,Mandi,Charminar, Hyderabad,Prawns Mandi,MUST TRY,0,440,4.061132016,199,440,6.089044875,1,14,4.061132016,466.4285714,3.756105398,213.7967126,3.939031141,245.1304823,1,1
Al Rabea Mandi House,3.822264031,4.3,1,198,Mandi,Charminar, Hyderabad,Batair Mandi,MUST TRY,9,300,4.061132016,199,30,5.707110265,1,14,4.061132016,466.4285714,3.756105398,213.7967126,3.939031141,245.1304823,1,1
Al Rabea Mandi House,3.822264031,4.3,1,198,Mandi,Charminar, Hyderabad,Mutton Mandi,MUST TRY,0,500,4.061132016,199,500,6.216606101,1,14,4.061132016,466.4285714,3.756105398,213.7967126,3.939031141,245.1304823,1,1
Al Rabea Mandi House,3.822264031,4.3,1,198,Mandi,Charminar, Hyderabad,Fish Mandi,MUST TRY,0,450,4.061132016,199,450,6.11146734,1,14,4.061132016,466.4285714,3.756105398,213.7967126,3.939031141,245.1304823,1,1
Al Rabea Mandi House,3.822264031,4.3,1,198,Mandi,Charminar, Hyderabad,Chicken Mandi,BESTSELLER,146,300,4.061132016,199,2.040816327,5.707110265,1,14,4.061132016,466.4285714,3.756105398,213.7967126,3.939031141,245.1304823,1,1
Al Rabea Mandi House,3.822264031,4.3,1,198,Mandi,Charminar, Hyderabad,Chicken Faham Mandi,BESTSELLER,33,350,4.061132016,199,10.29411765,5.860786223,1,14,4.061132016,466.4285714,3.756105398,213.7967126,3.939031141,245.1304823,1,1
Al Rabea Mandi House,3.822264031,4.3,1,198,Mandi,Charminar, Hyderabad,Mutton Mandi,BESTSELLER,0,500,4.061132016,199,500,6.216606101,1,14,4.061132016,466.4285714,3.756105398,213.7967126,3.939031141,245.1304823,1,1
Al Rabea Mandi House,3.822264031,4.3,1,198,Mandi,Charminar, Hyderabad,Mutton Mandi Gravy Lamb,NONE,0,550,4.061132016,199,550,6.311734809,1,14,4.061132016,466.4285714,3.756105398,213.7967126,3.939031141,245.1304823,1,1
Al Rabea Mandi House,3.822264031,4.3,1,198,Mandi,Charminar, Hyderabad,Mixed Platter Mandi Lamb,NONE,0,1300,4.061132016,199,1300,7.170888479,1,14,4.061132016,466.4285714,3.756105398,213.7967126,3.939031141,245.1304823,1,1
Al Rabea Mandi House,3.822264031,4.3,1,198,Mandi,Charminar, Hyderabad,Fish Mandi,NONE,0,450,4.061132016,199,450,6.11146734,1,14,4.061132016,466.4285714,3.756105398,213.7967126,3.939031141,245.1304823,1,1
Al Rabea Mandi House,3.822264031,4.3,1,198,Mandi,Charminar, Hyderabad,Prawns Mandi,NONE,0,440,4.061132016,199,440,6.089044875,1,14,4.061132016,466.4285714,3.756105398,213.7967126,3.939031141,245.1304823,1,1
Al Rabea Mandi House,3.822264031,4.3,1,198,Mandi,Charminar, Hyderabad,Batair Mandi,CHEF'S SPECIAL,9,300,4.061132016,199,30,5.707110265,1,14,4.061132016,466.4285714,3.756105398,213.7967126,3.939031141,245.1304823,1,1
Govind Dosa,4.4,3.5,997,0,South Indian,Charminar, Hyderabad,Govind Dosa,MUST TRY,205,75,3.95,997,0.36407767,4.33073334,1,68,3.95,89.48529412,3.825838494,188.5909589,3.939031141,245.1304823,0,0
Govind Dosa,4.4,3.5,997,0,South Indian,Charminar, Hyderabad,Pizza Dosa,MUST TRY,54,135,3.95,997,2.454545455,4.912654886,1,68,3.95,89.48529412,3.825838494,188.5909589,3.939031141,245.1304823,0,0
Govind Dosa,4.4,3.5,997,0,South Indian,Charminar, Hyderabad,Plain idly,NONE,373,45,3.95,997,0.120320856,3.828641396,1,68,3.95,89.48529412,3.825838494,188.5909589,3.939031141,245.1304823,0,0
Govind Dosa,4.4,3.5,997,0,South Indian,Charminar, Hyderabad,Butter Dosa,BESTSELLER,119,75,3.95,997,0.625,4.33073334,1,68,3.95,89.48529412,3.825838494,188.5909589,3.939031141,245.1304823,0,0
Govind Dosa,4.4,3.5,997,0,South Indian,Charminar, Hyderabad,Onion Dosa,BESTSELLER,56,60,3.95,997,1.052631579,4.110873864,1,68,3.95,89.48529412,3.825838494,188.5909589,3.939031141,245.1304823,0,0
Govind Dosa,4.4,3.5,997,0,South Indian,Charminar, Hyderabad,Plain Wada,NONE,190,40,3.95,997,0.209424084,3.713572067,1,68,3.95,89.48529412,3.825838494,188.5909589,3.939031141,245.1304823,0,0
Govind Dosa,4.4,3.5,997,0,South Indian,Charminar, Hyderabad,Paneer Cheese Dosa,BESTSELLER,35,110,3.95,997,3.055555556,4.709530201,1,68,3.95,89.48529412,3.825838494,188.5909589,3.939031141,245.1304823,0,0
Govind Dosa,4.4,3.5,997,0,South Indian,Charminar, Hyderabad,Butter Idly,BESTSELLER,26,70,3.95,997,2.592592593,4.262679877,1,68,3.95,89.48529412,3.825838494,188.5909589,3.939031141,245.1304823,0,0
Govind Dosa,4.4,3.5,997,0,South Indian,Charminar, Hyderabad,Cheese Dosa,NONE,19,90,3.95,997,4.5,4.510859507,1,68,3.95,89.48529412,3.825838494,188.5909589,3.939031141,245.1304823,0,0
Govind Dosa,4.4,3.5,997,0,South Indian,Charminar, Hyderabad,Tawa Wada,MUST TRY,37,75,3.95,997,1.973684211,4.33073334,1,68,3.95,89.48529412,3.825838494,188.5909589,3.939031141,245.1304823,0,0
Govind Dosa,4.4,3.5,997,0,South Indian,Charminar, Hyderabad,Tawa Idly,MUST TRY,81,70,3.95,997,0.853658537,4.262679877,1,68,3.95,89.48529412,3.825838494,188.5909589,3.939031141,245.1304823,0,0
Govind Dosa,4.4,3.5,997,0,South Indian,Charminar, Hyderabad,Shezwan Cheese Dosa,MUST TRY,0,130,3.95,997,130,4.875197323,1,68,3.95,89.48529412,3.825838494,188.5909589,3.939031141,245.1304823,0,0
Govind Dosa,4.4,3.5,997,0,South Indian,Charminar, Hyderabad,Shezwan Paneer Dosa,NONE,6,130,3.95,997,18.57142857,4.875197323,1,68,3.95,89.48529412,3.825838494,188.5909589,3.939031141,245.1304823,0,0
Govind Dosa,4.4,3.5,997,0,South Indian,Charminar, Hyderabad,Cheese Burst Dosa,CHEF'S SPECIAL,19,130,3.95,997,6.5,4.875197323,1,68,3.95,89.48529412,3.825838494,188.5909589,3.939031141,245.1304823,0,0
Govind Dosa,4.4,3.5,997,0,South Indian,Charminar, Hyderabad,Paneer Dosa,BESTSELLER,41,90,3.95,997,2.142857143,4.510859507,1,68,3.95,89.48529412,3.825838494,188.5909589,3.939031141,245.1304823,0,0
Govind Dosa,4.4,3.5,997,0,South Indian,Charminar, Hyderabad,Cheese Idly,MUST TRY,0,90,3.95,997,90,4.510859507,1,68,3.95,89.48529412,3.825838494,188.5909589,3.939031141,245.1304823,0,0
Govind Dosa,4.4,3.5,997,0,South Indian,Charminar, Hyderabad,Uthappa,NONE,28,75,3.95,997,2.586206897,4.33073334,1,68,3.95,89.48529412,3.825838494,188.5909589,3.939031141,245.1304823,0,0
Govind Dosa,4.4,3.5,997,0,South Indian,Charminar, Hyderabad,Wada Sambar,NONE,20,50,3.95,997,2.380952381,3.931825633,1,68,3.95,89.48529412,3.825838494,188.5909589,3.939031141,245.1304823,0,0
Govind Dosa,4.4,3.5,997,0,South Indian,Charminar, Hyderabad,Idly 65,MUST TRY,17,90,3.95,997,5,4.510859507,1,68,3.95,89.48529412,3.825838494,188.5909589,3.939031141,245.1304823,0,0
Govind Dosa,4.4,3.5,997,0,South Indian,Charminar, Hyderabad,Spot Idly,MUST TRY,9,110,3.95,997,11,4.709530201,1,68,3.95,89.48529412,3.825838494,188.5909589,3.939031141,245.1304823,0,0
Universal Al Mataam Mandi Kebab & Biryani,3.9,3.7,288,0,Kebab,Yousufguda, Hyderabad,Butter Naan,NONE,47,35,3.8,288,0.729166667,3.583518938,1,129,3.8,244.2093023,3.907036605,318.3228258,3.939031141,245.1304823,0,0
Universal Al Mataam Mandi Kebab & Biryani,3.9,3.7,288,0,Kebab,Yousufguda, Hyderabad,Veg Soft Noodles,NONE,8,129,3.8,288,14.33333333,4.86753445,1,129,3.8,244.2093023,3.907036605,318.3228258,3.939031141,245.1304823,0,0
Universal Al Mataam Mandi Kebab & Biryani,3.9,3.7,288,0,Kebab,Yousufguda, Hyderabad,Egg Soft Noodles,NONE,0,159,3.8,288,159,5.075173815,1,129,3.8,244.2093023,3.907036605,318.3228258,3.939031141,245.1304823,0,0
Universal Al Mataam Mandi Kebab & Biryani,3.9,3.7,288,0,Kebab,Yousufguda, Hyderabad,Chicken Soft Noodles,BESTSELLER,70,159,3.8,288,2.23943662,5.075173815,1,129,3.8,244.2093023,3.907036605,318.3228258,3.939031141,245.1304823,0,0
Universal Al Mataam Mandi Kebab & Biryani,3.9,3.7,288,0,Kebab,Yousufguda, Hyderabad,Schezwan Chicken Noodles,NONE,27,199,3.8,288,7.107142857,5.298317367,1,129,3.8,244.2093023,3.907036605,318.3228258,3.939031141,245.1304823,0,0
Universal Al Mataam Mandi Kebab & Biryani,3.9,3.7,288,0,Kebab,Yousufguda, Hyderabad,Universal Special Kaju Rice,NONE,9,179,3.8,288,17.9,5.192956851,1,129,3.8,244.2093023,3.907036605,318.3228258,3.939031141,245.1304823,0,0
Universal Al Mataam Mandi Kebab & Biryani,3.9,3.7,288,0,Kebab,Yousufguda, Hyderabad,Veg Fried Rice,NONE,7,129,3.8,288,16.125,4.86753445,1,129,3.8,244.2093023,3.907036605,318.3228258,3.939031141,245.1304823,0,0
Universal Al Mataam Mandi Kebab & Biryani,3.9,3.7,288,0,Kebab,Yousufguda, Hyderabad,Jeera Rice,NONE,11,129,3.8,288,10.75,4.86753445,1,129,3.8,244.2093023,3.907036605,318.3228258,3.939031141,245.1304823,0,0
Universal Al Mataam Mandi Kebab & Biryani,3.9,3.7,288,0,Kebab,Yousufguda, Hyderabad,Egg Fried Rice,NONE,13,159,3.8,288,11.35714286,5.075173815,1,129,3.8,244.2093023,3.907036605,318.3228258,3.939031141,245.1304823,0,0
Universal Al Mataam Mandi Kebab & Biryani,3.9,3.7,288,0,Kebab,Yousufguda, Hyderabad,Universal Special Kaju Chicken Fried Rice,BESTSELLER,90,199,3.8,288,2.186813187,5.298317367,1,129,3.8,244.2093023,3.907036605,318.3228258,3.939031141,245.1304823,0,0
Universal Al Mataam Mandi Kebab & Biryani,3.9,3.7,288,0,Kebab,Yousufguda, Hyderabad,Chicken Fried Rice,BESTSELLER,100,159,3.8,288,1.574257426,5.075173815,1,129,3.8,244.2093023,3.907036605,318.3228258,3.939031141,245.1304823,0,0
Universal Al Mataam Mandi Kebab & Biryani,3.9,3.7,288,0,Kebab,Yousufguda, Hyderabad,Schezwan Chicken Fried Rice,NONE,22,199,3.8,288,8.652173913,5.298317367,1,129,3.8,244.2093023,3.907036605,318.3228258,3.939031141,245.1304823,0,0
Universal Al Mataam Mandi Kebab & Biryani,3.9,3.7,288,0,Kebab,Yousufguda, Hyderabad,Mix Fried Rice,NONE,0,229,3.8,288,229,5.438079309,1,129,3.8,244.2093023,3.907036605,318.3228258,3.939031141,245.1304823,0,0
Universal Al Mataam Mandi Kebab & Biryani,3.9,3.7,288,0,Kebab,Yousufguda, Hyderabad,Chicken Rumali Shawarma [Serves 1],NONE,261,109,3.8,288,0.416030534,4.700480366,1,129,3.8,244.2093023,3.907036605,318.3228258,3.939031141,245.1304823,0,0
MS Bakery & Sweets,3.822264031,4.2,0,0,Pizza,Falaknuma, Hyderabad,Tandoori Tortilla Wrap,NONE,0,120,4.011132016,0,120,4.795790546,1,140,4.011132016,177.5928571,3.885698266,208.9395108,3.939031141,245.1304823,1,0
MS Bakery & Sweets,3.822264031,4.2,0,0,Pizza,Falaknuma, Hyderabad,Veg Puff,NONE,189,20,4.011132016,0,0.105263158,3.044522438,1,140,4.011132016,177.5928571,3.885698266,208.9395108,3.939031141,245.1304823,1,0
MS Bakery & Sweets,3.822264031,4.2,0,0,Pizza,Falaknuma, Hyderabad,Egg Puff,NONE,324,20,4.011132016,0,0.061538462,3.044522438,1,140,4.011132016,177.5928571,3.885698266,208.9395108,3.939031141,245.1304823,1,0
MS Bakery & Sweets,3.822264031,4.2,0,0,Pizza,Falaknuma, Hyderabad,Chicken Puff Roll,NONE,330,30,4.011132016,0,0.090634441,3.433987204,1,140,4.011132016,177.5928571,3.885698266,208.9395108,3.939031141,245.1304823,1,0
MS Bakery & Sweets,3.822264031,4.2,0,0,Pizza,Falaknuma, Hyderabad,French Fries,BESTSELLER,568,90,4.011132016,0,0.158172232,4.510859507,1,140,4.011132016,177.5928571,3.885698266,208.9395108,3.939031141,245.1304823,1,0
MS Bakery & Sweets,3.822264031,4.2,0,0,Pizza,Falaknuma, Hyderabad,Pineapple Pastry,NONE,88,30,4.011132016,0,0.337078652,3.433987204,1,140,4.011132016,177.5928571,3.885698266,208.9395108,3.939031141,245.1304823,1,0
MS Bakery & Sweets,3.822264031,4.2,0,0,Pizza,Falaknuma, Hyderabad,White Forest Pastry,NONE,36,45,4.011132016,0,1.216216216,3.828641396,1,140,4.011132016,177.5928571,3.885698266,208.9395108,3.939031141,245.1304823,1,0
MS Bakery & Sweets,3.822264031,4.2,0,0,Pizza,Falaknuma, Hyderabad,Butterscotch Pastry,NONE,43,45,4.011132016,0,1.022727273,3.828641396,1,140,4.011132016,177.5928571,3.885698266,208.9395108,3.939031141,245.1304823,1,0
MS Bakery & Sweets,3.822264031,4.2,0,0,Pizza,Falaknuma, Hyderabad,Strawberry Pastry,NONE,42,45,4.011132016,0,1.046511628,3.828641396,1,140,4.011132016,177.5928571,3.885698266,208.9395108,3.939031141,245.1304823,1,0
MS Bakery & Sweets,3.822264031,4.2,0,0,Pizza,Falaknuma, Hyderabad,Mango Pastry,NONE,26,45,4.011132016,0,1.666666667,3.828641396,1,140,4.011132016,177.5928571,3.885698266,208.9395108,3.939031141,245.1304823,1,0
MS Bakery & Sweets,3.822264031,4.2,0,0,Pizza,Falaknuma, Hyderabad,Choco Chips Pastry,NONE,101,50,4.011132016,0,0.490196078,3.931825633,1,140,4.011132016,177.5928571,3.885698266,208.9395108,3.939031141,245.1304823,1,0
MS Bakery & Sweets,3.822264031,4.2,0,0,Pizza,Falaknuma, Hyderabad,Litchi Pastry,NONE,11,45,4.011132016,0,3.75,3.828641396,1,140,4.011132016,177.5928571,3.885698266,208.9395108,3.939031141,245.1304823,1,0
MS Bakery & Sweets,3.822264031,4.2,0,0,Pizza,Falaknuma, Hyderabad,Choco Crunch Pastry,NONE,0,50,4.011132016,0,50,3.931825633,1,140,4.011132016,177.5928571,3.885698266,208.9395108,3.939031141,245.1304823,1,0
MS Bakery & Sweets,3.822264031,4.2,0,0,Pizza,Falaknuma, Hyderabad,Choco Rice Pastry,NONE,39,50,4.011132016,0,1.25,3.931825633,1,140,4.011132016,177.5928571,3.885698266,208.9395108,3.939031141,245.1304823,1,0
MS Bakery & Sweets,3.822264031,4.2,0,0,Pizza,Falaknuma, Hyderabad,Rasmalai Pastry,NONE,554,50,4.011132016,0,0.09009009,3.931825633,1,140,4.011132016,177.5928571,3.885698266,208.9395108,3.939031141,245.1304823,1,0
MS Bakery & Sweets,3.822264031,4.2,0,0,Pizza,Falaknuma, Hyderabad,Black Forest Pastry,NONE,207,50,4.011132016,0,0.240384615,3.931825633,1,140,4.011132016,177.5928571,3.885698266,208.9395108,3.939031141,245.1304823,1,0
MS Bakery & Sweets,3.822264031,4.2,0,0,Pizza,Falaknuma, Hyderabad,Dry Fruit Pastry,NONE,0,50,4.011132016,0,50,3.931825633,1,140,4.011132016,177.5928571,3.885698266,208.9395108,3.939031141,245.1304823,1,0
MS Bakery & Sweets,3.822264031,4.2,0,0,Pizza,Falaknuma, Hyderabad,Choco lawa,NONE,344,55,4.011132016,0,0.15942029,4.025351691,1,140,4.011132016,177.5928571,3.885698266,208.9395108,3.939031141,245.1304823,1,0
MS Bakery & Sweets,3.822264031,4.2,0,0,Pizza,Falaknuma, Hyderabad,Chocolate Almond Pastry,NONE,7,55,4.011132016,0,6.875,4.025351691,1,140,4.011132016,177.5928571,3.885698266,208.9395108,3.939031141,245.1304823,1,0
MS Bakery & Sweets,3.822264031,4.2,0,0,Pizza,Falaknuma, Hyderabad,Date by Chocolate Pastry,NONE,29,60,4.011132016,0,2,4.110873864,1,140,4.011132016,177.5928571,3.885698266,208.9395108,3.939031141,245.1304823,1,0
MS Bakery & Sweets,3.822264031,4.2,0,0,Pizza,Falaknuma, Hyderabad,Red velvet pastry,NONE,55,65,4.011132016,0,1.160714286,4.189654742,1,140,4.011132016,177.5928571,3.885698266,208.9395108,3.939031141,245.1304823,1,0
MS Bakery & Sweets,3.822264031,4.2,0,0,Pizza,Falaknuma, Hyderabad,Plum Cake,NONE,16,95,4.011132016,0,5.588235294,4.564348191,1,140,4.011132016,177.5928571,3.885698266,208.9395108,3.939031141,245.1304823,1,0
MS Bakery & Sweets,3.822264031,4.2,0,0,Pizza,Falaknuma, Hyderabad,Pineapple Cake,NONE,100,400,4.011132016,0,3.96039604,5.993961427,1,140,4.011132016,177.5928571,3.885698266,208.9395108,3.939031141,245.1304823,1,1
MS Bakery & Sweets,3.822264031,4.2,0,0,Pizza,Falaknuma, Hyderabad,Butterscotch Cake,NONE,63,280,4.011132016,0,4.375,5.638354669,1,140,4.011132016,177.5928571,3.885698266,208.9395108,3.939031141,245.1304823,1,0
MS Bakery & Sweets,3.822264031,4.2,0,0,Pizza,Falaknuma, Hyderabad,Lychee Cake,NONE,5,280,4.011132016,0,46.66666667,5.638354669,1,140,4.011132016,177.5928571,3.885698266,208.9395108,3.939031141,245.1304823,1,0
MS Bakery & Sweets,3.822264031,4.2,0,0,Pizza,Falaknuma, Hyderabad,Strawberry Cake,NONE,5,280,4.011132016,0,46.66666667,5.638354669,1,140,4.011132016,177.5928571,3.885698266,208.9395108,3.939031141,245.1304823,1,0
MS Bakery & Sweets,3.822264031,4.2,0,0,Pizza,Falaknuma, Hyderabad,Chocolate Cake,BESTSELLER,84,320,4.011132016,0,3.764705882,5.771441123,1,140,4.011132016,177.5928571,3.885698266,208.9395108,3.939031141,245.1304823,1,1
MS Bakery & Sweets,3.822264031,4.2,0,0,Pizza,Falaknuma, Hyderabad,Dry Fruit Cake,NONE,27,300,4.011132016,0,10.71428571,5.707110265,1,140,4.011132016,177.5928571,3.885698266,208.9395108,3.939031141,245.1304823,1,1
MS Bakery & Sweets,3.822264031,4.2,0,0,Pizza,Falaknuma, Hyderabad,Fresh Fruit Cake,NONE,7,525,4.011132016,0,65.625,6.265301213,1,140,4.011132016,177.5928571,3.885698266,208.9395108,3.939031141,245.1304823,1,1
MS Bakery & Sweets,3.822264031,4.2,0,0,Pizza,Falaknuma, Hyderabad,Death By Chocolate Cake,NONE,42,375,4.011132016,0,8.720930233,5.929589143,1,140,4.011132016,177.5928571,3.885698266,208.9395108,3.939031141,245.1304823,1,1
MS Bakery & Sweets,3.822264031,4.2,0,0,Pizza,Falaknuma, Hyderabad,Mango Cake,NONE,0,280,4.011132016,0,280,5.638354669,1,140,4.011132016,177.5928571,3.885698266,208.9395108,3.939031141,245.1304823,1,0
MS Bakery & Sweets,3.822264031,4.2,0,0,Pizza,Falaknuma, Hyderabad,White Forest Cake,NONE,38,290,4.011132016,0,7.435897436,5.673323267,1,140,4.011132016,177.5928571,3.885698266,208.9395108,3.939031141,245.1304823,1,0
MS Bakery & Sweets,3.822264031,4.2,0,0,Pizza,Falaknuma, Hyderabad,Almond Cake,NONE,0,325,4.011132016,0,325,5.786897381,1,140,4.011132016,177.5928571,3.885698266,208.9395108,3.939031141,245.1304823,1,1
MS Bakery & Sweets,3.822264031,4.2,0,0,Pizza,Falaknuma, Hyderabad,Pista Cake,NONE,7,325,4.011132016,0,40.625,5.786897381,1,140,4.011132016,177.5928571,3.885698266,208.9395108,3.939031141,245.1304823,1,1
MS Bakery & Sweets,3.822264031,4.2,0,0,Pizza,Falaknuma, Hyderabad,Fruit and Nut Cake,NONE,0,625,4.011132016,0,625,6.439350371,1,140,4.011132016,177.5928571,3.885698266,208.9395108,3.939031141,245.1304823,1,1
MS Bakery & Sweets,3.822264031,4.2,0,0,Pizza,Falaknuma, Hyderabad,Rasmalai Cake,NONE,23,375,4.011132016,0,15.625,5.929589143,1,140,4.011132016,177.5928571,3.885698266,208.9395108,3.939031141,245.1304823,1,1
MS Bakery & Sweets,3.822264031,4.2,0,0,Pizza,Falaknuma, Hyderabad,Black Forest Cake,NONE,60,320,4.011132016,0,5.245901639,5.771441123,1,140,4.011132016,177.5928571,3.885698266,208.9395108,3.939031141,245.1304823,1,1
MS Bakery & Sweets,3.822264031,4.2,0,0,Pizza,Falaknuma, Hyderabad,Chocolate Donuts,NONE,952,40,4.011132016,0,0.041972718,3.713572067,1,140,4.011132016,177.5928571,3.885698266,208.9395108,3.939031141,245.1304823,1,0
MS Bakery & Sweets,3.822264031,4.2,0,0,Pizza,Falaknuma, Hyderabad,Coconut Almond Cookies,NONE,0,95,4.011132016,0,95,4.564348191,1,140,4.011132016,177.5928571,3.885698266,208.9395108,3.939031141,245.1304823,1,0
MS Bakery & Sweets,3.822264031,4.2,0,0,Pizza,Falaknuma, Hyderabad,Makroom Biscuit [250 grams],NONE,38,95,4.011132016,0,2.435897436,4.564348191,1,140,4.011132016,177.5928571,3.885698266,208.9395108,3.939031141,245.1304823,1,0
MS Bakery & Sweets,3.822264031,4.2,0,0,Pizza,Falaknuma, Hyderabad,Butter Biscuit [250 grams],NONE,10,95,4.011132016,0,8.636363636,4.564348191,1,140,4.011132016,177.5928571,3.885698266,208.9395108,3.939031141,245.1304823,1,0
MS Bakery & Sweets,3.822264031,4.2,0,0,Pizza,Falaknuma, Hyderabad,Moon Biscuit [250 grams],NONE,20,95,4.011132016,0,4.523809524,4.564348191,1,140,4.011132016,177.5928571,3.885698266,208.9395108,3.939031141,245.1304823,1,0
MS Bakery & Sweets,3.822264031,4.2,0,0,Pizza,Falaknuma, Hyderabad,Choclate Kaju Biscuit[250 grams],NONE,34,95,4.011132016,0,2.714285714,4.564348191,1,140,4.011132016,177.5928571,3.885698266,208.9395108,3.939031141,245.1304823,1,0
MS Bakery & Sweets,3.822264031,4.2,0,0,Pizza,Falaknuma, Hyderabad,Kaju Badam Biscuit[250 grams],NONE,44,95,4.011132016,0,2.111111111,4.564348191,1,140,4.011132016,177.5928571,3.885698266,208.9395108,3.939031141,245.1304823,1,0
MS Bakery & Sweets,3.822264031,4.2,0,0,Pizza,Falaknuma, Hyderabad,Osmania Bicuit,NONE,55,150,4.011132016,0,2.678571429,5.017279837,1,140,4.011132016,177.5928571,3.885698266,208.9395108,3.939031141,245.1304823,1,0
MS Bakery & Sweets,3.822264031,4.2,0,0,Pizza,Falaknuma, Hyderabad,Fruit Biscuit [500 grams],NONE,18,170,4.011132016,0,8.947368421,5.141663557,1,140,4.011132016,177.5928571,3.885698266,208.9395108,3.939031141,245.1304823,1,0
MS Bakery & Sweets,3.822264031,4.2,0,0,Pizza,Falaknuma, Hyderabad,Khara Biscuit,NONE,24,140,4.011132016,0,5.6,4.94875989,1,140,4.011132016,177.5928571,3.885698266,208.9395108,3.939031141,245.1304823,1,0
MS Bakery & Sweets,3.822264031,4.2,0,0,Pizza,Falaknuma, Hyderabad,Chocolate Muffin [4 Pieces],NONE,25,65,4.011132016,0,2.5,4.189654742,1,140,4.011132016,177.5928571,3.885698266,208.9395108,3.939031141,245.1304823,1,0
MS Bakery & Sweets,3.822264031,4.2,0,0,Pizza,Falaknuma, Hyderabad,Milk Toast [250 grams],NONE,54,60,4.011132016,0,1.090909091,4.110873864,1,140,4.011132016,177.5928571,3.885698266,208.9395108,3.939031141,245.1304823,1,0
MS Bakery & Sweets,3.822264031,4.2,0,0,Pizza,Falaknuma, Hyderabad,Tutty Fruity Toast [250 grams],NONE,50,60,4.011132016,0,1.176470588,4.110873864,1,140,4.011132016,177.5928571,3.885698266,208.9395108,3.939031141,245.1304823,1,0
MS Bakery & Sweets,3.822264031,4.2,0,0,Pizza,Falaknuma, Hyderabad,Finger Toast [250 grams],NONE,17,60,4.011132016,0,3.333333333,4.110873864,1,140,4.011132016,177.5928571,3.885698266,208.9395108,3.939031141,245.1304823,1,0
MS Bakery & Sweets,3.822264031,4.2,0,0,Pizza,Falaknuma, Hyderabad,Multigrain Toast [250 grams],NONE,40,60,4.011132016,0,1.463414634,4.110873864,1,140,4.011132016,177.5928571,3.885698266,208.9395108,3.939031141,245.1304823,1,0
MS Bakery & Sweets,3.822264031,4.2,0,0,Pizza,Falaknuma, Hyderabad,D Toast Plain [250 grams],NONE,0,60,4.011132016,0,60,4.110873864,1,140,4.011132016,177.5928571,3.885698266,208.9395108,3.939031141,245.1304823,1,0
New Grand Restaurant & Bakery,4,4,129,0,Bakery,Begum Bazaar, Hyderabad,Mini Chicken 65 Biryani,BESTSELLER,162,130,4,129,0.797546012,4.875197323,1,256,4,136.515625,4.069201357,239.9029779,3.939031141,245.1304823,1,0
New Grand Restaurant & Bakery,4,4,129,0,Bakery,Begum Bazaar, Hyderabad,Chicken Soft Noodles [Chinese Style],BESTSELLER,62,100,4,129,1.587301587,4.615120517,1,256,4,136.515625,4.069201357,239.9029779,3.939031141,245.1304823,1,0
New Grand Restaurant & Bakery,4,4,129,0,Bakery,Begum Bazaar, Hyderabad,Mini Chicken Dum Biryani,BESTSELLER,199,130,4,129,0.65,4.875197323,1,256,4,136.515625,4.069201357,239.9029779,3.939031141,245.1304823,1,0
New Grand Restaurant & Bakery,4,4,129,0,Bakery,Begum Bazaar, Hyderabad,Chicken 65,SEASONAL,74,120,4,129,1.6,4.795790546,1,256,4,136.515625,4.069201357,239.9029779,3.939031141,245.1304823,1,0
New Grand Restaurant & Bakery,4,4,129,0,Bakery,Begum Bazaar, Hyderabad,Chicken 65 Biryani,MUST TRY,46,210,4,129,4.468085106,5.351858133,1,256,4,136.515625,4.069201357,239.9029779,3.939031141,245.1304823,1,0
New Grand Restaurant & Bakery,4,4,129,0,Bakery,Begum Bazaar, Hyderabad,Chicken Fried Rice [Chinese Style],BESTSELLER,74,100,4,129,1.333333333,4.615120517,1,256,4,136.515625,4.069201357,239.9029779,3.939031141,245.1304823,1,0
New Grand Restaurant & Bakery,4,4,129,0,Bakery,Begum Bazaar, Hyderabad,New Grand Spl Bun Maska,MUST TRY,114,50,4,129,0.434782609,3.931825633,1,256,4,136.515625,4.069201357,239.9029779,3.939031141,245.1304823,1,0
New Grand Restaurant & Bakery,4,4,129,0,Bakery,Begum Bazaar, Hyderabad,Special Irani Tea,MUST TRY,332,24,4,129,0.072072072,3.218875825,1,256,4,136.515625,4.069201357,239.9029779,3.939031141,245.1304823,1,0
New Grand Restaurant & Bakery,4,4,129,0,Bakery,Begum Bazaar, Hyderabad,Chicken Dum Biryani,BESTSELLER,70,210,4,129,2.957746479,5.351858133,1,256,4,136.515625,4.069201357,239.9029779,3.939031141,245.1304823,1,0
New Grand Restaurant & Bakery,4,4,129,0,Bakery,Begum Bazaar, Hyderabad,Special Irani Tea Kettle,BESTSELLER,65,168,4,129,2.545454545,5.129898715,1,256,4,136.515625,4.069201357,239.9029779,3.939031141,245.1304823,1,0
New Grand Restaurant & Bakery,4,4,129,0,Bakery,Begum Bazaar, Hyderabad,Mutton Dum biryani,NONE,22,240,4,129,10.43478261,5.484796933,1,256,4,136.515625,4.069201357,239.9029779,3.939031141,245.1304823,1,0
New Grand Restaurant & Bakery,4,4,129,0,Bakery,Begum Bazaar, Hyderabad,Butter Chicken,BESTSELLER,63,150,4,129,2.34375,5.017279837,1,256,4,136.515625,4.069201357,239.9029779,3.939031141,245.1304823,1,0
New Grand Restaurant & Bakery,4,4,129,0,Bakery,Begum Bazaar, Hyderabad,Chicken Dum Biryani Family Pack,BESTSELLER,13,480,4,129,34.28571429,6.17586727,1,256,4,136.515625,4.069201357,239.9029779,3.939031141,245.1304823,1,1
New Grand Restaurant & Bakery,4,4,129,0,Bakery,Begum Bazaar, Hyderabad,Chicken Manchurian Dry,NONE,7,120,4,129,15,4.795790546,1,256,4,136.515625,4.069201357,239.9029779,3.939031141,245.1304823,1,0
New Grand Restaurant & Bakery,4,4,129,0,Bakery,Begum Bazaar, Hyderabad,Chicken 65 Gravy,NONE,9,150,4,129,15,5.017279837,1,256,4,136.515625,4.069201357,239.9029779,3.939031141,245.1304823,1,0
New Grand Restaurant & Bakery,4,4,129,0,Bakery,Begum Bazaar, Hyderabad,Mini Mutton Dum Biyani,BESTSELLER,38,150,4,129,3.846153846,5.017279837,1,256,4,136.515625,4.069201357,239.9029779,3.939031141,245.1304823,1,0
New Grand Restaurant & Bakery,4,4,129,0,Bakery,Begum Bazaar, Hyderabad,Special Corn Samosa [2 Packs],NONE,56,20,4,129,0.350877193,3.044522438,1,256,4,136.515625,4.069201357,239.9029779,3.939031141,245.1304823,1,0
New Grand Restaurant & Bakery,4,4,129,0,Bakery,Begum Bazaar, Hyderabad,Mutton Dum Biryani Jumbo Pack,NONE,6,630,4,129,90,6.447305863,1,256,4,136.515625,4.069201357,239.9029779,3.939031141,245.1304823,1,1
New Grand Restaurant & Bakery,4,4,129,0,Bakery,Begum Bazaar, Hyderabad,Chicken Dum Biryani Jumbo Pack,NONE,11,580,4,129,48.33333333,6.364750757,1,256,4,136.515625,4.069201357,239.9029779,3.939031141,245.1304823,1,1
New Grand Restaurant & Bakery,4,4,129,0,Bakery,Begum Bazaar, Hyderabad,Mutton Kheema,BESTSELLER,63,140,4,129,2.1875,4.94875989,1,256,4,136.515625,4.069201357,239.9029779,3.939031141,245.1304823,1,0
New Grand Restaurant & Bakery,4,4,129,0,Bakery,Begum Bazaar, Hyderabad,Chicken Lollipop,NONE,25,140,4,129,5.384615385,4.94875989,1,256,4,136.515625,4.069201357,239.9029779,3.939031141,245.1304823,1,0
New Grand Restaurant & Bakery,4,4,129,0,Bakery,Begum Bazaar, Hyderabad,Mutton Dum Biryani family Pack,NONE,9,540,4,129,54,6.293419279,1,256,4,136.515625,4.069201357,239.9029779,3.939031141,245.1304823,1,1
New Grand Restaurant & Bakery,4,4,129,0,Bakery,Begum Bazaar, Hyderabad,Egg Puff [Pack of 2],NONE,58,45,4,129,0.762711864,3.828641396,1,256,4,136.515625,4.069201357,239.9029779,3.939031141,245.1304823,1,0
New Grand Restaurant & Bakery,4,4,129,0,Bakery,Begum Bazaar, Hyderabad,Special chicken rumali shawarma,BESTSELLER,11,120,4,129,10,4.795790546,1,256,4,136.515625,4.069201357,239.9029779,3.939031141,245.1304823,1,0
New Grand Restaurant & Bakery,4,4,129,0,Bakery,Begum Bazaar, Hyderabad,Chicken Wrap,NONE,6,120,4,129,17.14285714,4.795790546,1,256,4,136.515625,4.069201357,239.9029779,3.939031141,245.1304823,1,0
New Grand Restaurant & Bakery,4,4,129,0,Bakery,Begum Bazaar, Hyderabad,Chicken Nuggets,NONE,0,90,4,129,90,4.510859507,1,256,4,136.515625,4.069201357,239.9029779,3.939031141,245.1304823,1,0
New Grand Restaurant & Bakery,4,4,129,0,Bakery,Begum Bazaar, Hyderabad,Afghani Chicken,NONE,6,150,4,129,21.42857143,5.017279837,1,256,4,136.515625,4.069201357,239.9029779,3.939031141,245.1304823,1,0
New Grand Restaurant & Bakery,4,4,129,0,Bakery,Begum Bazaar, Hyderabad,Veg Biryani [Mini],MUST TRY,70,75,4,129,1.056338028,4.33073334,1,256,4,136.515625,4.069201357,239.9029779,3.939031141,245.1304823,1,0
New Grand Restaurant & Bakery,4,4,129,0,Bakery,Begum Bazaar, Hyderabad,Special Irani Onion Samosa,NONE,277,8,4,129,0.028776978,2.197224577,1,256,4,136.515625,4.069201357,239.9029779,3.939031141,245.1304823,1,0
New Grand Restaurant & Bakery,4,4,129,0,Bakery,Begum Bazaar, Hyderabad,Egg Biryani,MUST TRY,55,110,4,129,1.964285714,4.709530201,1,256,4,136.515625,4.069201357,239.9029779,3.939031141,245.1304823,1,0
New Grand Restaurant & Bakery,4,4,129,0,Bakery,Begum Bazaar, Hyderabad,Cream Bun [Pack of 2],MUST TRY,32,45,4,129,1.363636364,3.828641396,1,256,4,136.515625,4.069201357,239.9029779,3.939031141,245.1304823,1,0
New Grand Restaurant & Bakery,4,4,129,0,Bakery,Begum Bazaar, Hyderabad,Special Zafrani Tea Kettle,MUST TRY,14,216,4,129,14.4,5.379897354,1,256,4,136.515625,4.069201357,239.9029779,3.939031141,245.1304823,1,0
New Grand Restaurant & Bakery,4,4,129,0,Bakery,Begum Bazaar, Hyderabad,Special Irani Sugar Free Tea Kettle,MUST TRY,0,216,4,129,216,5.379897354,1,256,4,136.515625,4.069201357,239.9029779,3.939031141,245.1304823,1,0
Mayur Pan House,4.3,3.9,564,0,Ice Cream,Abids, Hyderabad,Blue Berry Chutney Paan,NONE,0,66,4.1,564,66,4.204692619,1,184,4.1,124.7717391,3.924747204,187.3157219,3.939031141,245.1304823,1,0
Mayur Pan House,4.3,3.9,564,0,Ice Cream,Abids, Hyderabad,Alex Chutney Paan,NONE,0,66,4.1,564,66,4.204692619,1,184,4.1,124.7717391,3.924747204,187.3157219,3.939031141,245.1304823,1,0
Mayur Pan House,4.3,3.9,564,0,Ice Cream,Abids, Hyderabad,Pineapple Chutney Paan,NONE,0,66,4.1,564,66,4.204692619,1,184,4.1,124.7717391,3.924747204,187.3157219,3.939031141,245.1304823,1,0
Mayur Pan House,4.3,3.9,564,0,Ice Cream,Abids, Hyderabad,Dilkush Paan,NONE,0,39,4.1,564,39,3.688879454,1,184,4.1,124.7717391,3.924747204,187.3157219,3.939031141,245.1304823,1,0
Mayur Pan House,4.3,3.9,564,0,Ice Cream,Abids, Hyderabad,Navratan Meenakshi Paan,NONE,26,66,4.1,564,2.444444444,4.204692619,1,184,4.1,124.7717391,3.924747204,187.3157219,3.939031141,245.1304823,1,0
Mayur Pan House,4.3,3.9,564,0,Ice Cream,Abids, Hyderabad,Navratan Plain Paan,NONE,0,66,4.1,564,66,4.204692619,1,184,4.1,124.7717391,3.924747204,187.3157219,3.939031141,245.1304823,1,0
Mayur Pan House,4.3,3.9,564,0,Ice Cream,Abids, Hyderabad,Meenakshi Paan Laddu,NONE,0,94,4.1,564,94,4.553876892,1,184,4.1,124.7717391,3.924747204,187.3157219,3.939031141,245.1304823,1,0
Mayur Pan House,4.3,3.9,564,0,Ice Cream,Abids, Hyderabad,Aloo Toast,BESTSELLER,47,105,4.1,564,2.1875,4.663439094,1,184,4.1,124.7717391,3.924747204,187.3157219,3.939031141,245.1304823,1,0
Mayur Pan House,4.3,3.9,564,0,Ice Cream,Abids, Hyderabad,Butter Aloo Toast,NONE,0,121,4.1,564,121,4.804021045,1,184,4.1,124.7717391,3.924747204,187.3157219,3.939031141,245.1304823,1,0
Mayur Pan House,4.3,3.9,564,0,Ice Cream,Abids, Hyderabad,Cheese Aloo Toast,NONE,0,132,4.1,564,132,4.890349128,1,184,4.1,124.7717391,3.924747204,187.3157219,3.939031141,245.1304823,1,0
Mayur Pan House,4.3,3.9,564,0,Ice Cream,Abids, Hyderabad,Khova Burf Gola,BESTSELLER,34,80,4.1,564,2.285714286,4.394449155,1,184,4.1,124.7717391,3.924747204,187.3157219,3.939031141,245.1304823,1,0
Mayur Pan House,4.3,3.9,564,0,Ice Cream,Abids, Hyderabad,Rangeela Gola,NONE,8,70,4.1,564,7.777777778,4.262679877,1,184,4.1,124.7717391,3.924747204,187.3157219,3.939031141,245.1304823,1,0
Mayur Pan House,4.3,3.9,564,0,Ice Cream,Abids, Hyderabad,Kala Khatta Gola,BESTSELLER,50,60,4.1,564,1.176470588,4.110873864,1,184,4.1,124.7717391,3.924747204,187.3157219,3.939031141,245.1304823,1,0
Mayur Pan House,4.3,3.9,564,0,Ice Cream,Abids, Hyderabad,Black Current Gola,NONE,0,60,4.1,564,60,4.110873864,1,184,4.1,124.7717391,3.924747204,187.3157219,3.939031141,245.1304823,1,0
Mayur Pan House,4.3,3.9,564,0,Ice Cream,Abids, Hyderabad,Blue Berry Gola,NONE,0,60,4.1,564,60,4.110873864,1,184,4.1,124.7717391,3.924747204,187.3157219,3.939031141,245.1304823,1,0
Mayur Pan House,4.3,3.9,564,0,Ice Cream,Abids, Hyderabad,Kachi Kary Gola,NONE,0,60,4.1,564,60,4.110873864,1,184,4.1,124.7717391,3.924747204,187.3157219,3.939031141,245.1304823,1,0
Mayur Pan House,4.3,3.9,564,0,Ice Cream,Abids, Hyderabad,Green Apple Gola,NONE,0,60,4.1,564,60,4.110873864,1,184,4.1,124.7717391,3.924747204,187.3157219,3.939031141,245.1304823,1,0
Mayur Pan House,4.3,3.9,564,0,Ice Cream,Abids, Hyderabad,Coco Cola Gola,NONE,0,60,4.1,564,60,4.110873864,1,184,4.1,124.7717391,3.924747204,187.3157219,3.939031141,245.1304823,1,0
Mayur Pan House,4.3,3.9,564,0,Ice Cream,Abids, Hyderabad,Mango Gola,NONE,0,60,4.1,564,60,4.110873864,1,184,4.1,124.7717391,3.924747204,187.3157219,3.939031141,245.1304823,1,0
Mayur Pan House,4.3,3.9,564,0,Ice Cream,Abids, Hyderabad,Rose Gola,NONE,9,60,4.1,564,6,4.110873864,1,184,4.1,124.7717391,3.924747204,187.3157219,3.939031141,245.1304823,1,0
Mayur Pan House,4.3,3.9,564,0,Ice Cream,Abids, Hyderabad,Orange gola,NONE,7,60,4.1,564,7.5,4.110873864,1,184,4.1,124.7717391,3.924747204,187.3157219,3.939031141,245.1304823,1,0
Mayur Pan House,4.3,3.9,564,0,Ice Cream,Abids, Hyderabad,Pineapple Gola,NONE,0,60,4.1,564,60,4.110873864,1,184,4.1,124.7717391,3.924747204,187.3157219,3.939031141,245.1304823,1,0
Mayur Pan House,4.3,3.9,564,0,Ice Cream,Abids, Hyderabad,Lemon Gola,NONE,0,60,4.1,564,60,4.110873864,1,184,4.1,124.7717391,3.924747204,187.3157219,3.939031141,245.1304823,1,0
